{
    "metrics": {
        "http_req_duration": {
            "p(90)": 4.6102981,
            "p(95)": 5.663411750000001,
            "avg": 2.688618476873026,
            "min": 0.488328,
            "med": 2.2139445,
            "max": 33.859292
        },
        "vus": {
            "max": 10,
            "value": 10,
            "min": 10
        },
        "data_sent": {
            "count": 3047352,
            "rate": 304672.4385440134
        },
        "iterations": {
            "count": 36278,
            "rate": 3627.052839809684
        },
        "http_reqs": {
            "count": 36278,
            "rate": 3627.052839809684
        },
        "http_req_failed": {
            "passes": 0,
            "fails": 36278,
            "value": 0
        },
        "iteration_duration": {
            "avg": 2.744856775814528,
            "min": 0.545058,
            "med": 2.2657115,
            "max": 33.969406,
            "p(90)": 4.690002799999999,
            "p(95)": 5.7550825
        },
        "http_req_duration{expected_response:true}": {
            "p(95)": 5.663411750000001,
            "avg": 2.688618476873026,
            "min": 0.488328,
            "med": 2.2139445,
            "max": 33.859292,
            "p(90)": 4.6102981
        },
        "http_req_sending": {
            "max": 0.596344,
            "p(90)": 0.017004899999999996,
            "p(95)": 0.023734,
            "avg": 0.009996750620210552,
            "min": 0.003429,
            "med": 0.007554
        },
        "http_req_blocked": {
            "avg": 0.002467079221566806,
            "min": 0.000737,
            "med": 0.0017335,
            "max": 4.646016,
            "p(90)": 0.003496,
            "p(95)": 0.004681
        },
        "http_req_receiving": {
            "avg": 0.038257863553668905,
            "min": 0.011054,
            "med": 0.030253000000000002,
            "max": 6.77071,
            "p(90)": 0.06039019999999999,
            "p(95)": 0.07974455000000003
        },
        "data_received": {
            "count": 8343940,
            "rate": 834222.1531562273
        },
        "vus_max": {
            "value": 10,
            "min": 10,
            "max": 10
        },
        "http_req_connecting": {
            "avg": 0.00004481614201444401,
            "min": 0,
            "med": 0,
            "max": 0.336174,
            "p(90)": 0,
            "p(95)": 0
        },
        "http_req_tls_handshaking": {
            "max": 0,
            "p(90)": 0,
            "p(95)": 0,
            "avg": 0,
            "min": 0,
            "med": 0
        },
        "http_req_waiting": {
            "avg": 2.6403638626991603,
            "min": 0.425548,
            "med": 2.168269,
            "max": 33.694745,
            "p(90)": 4.546308499999999,
            "p(95)": 5.587468300000005
        }
    },
    "root_group": {
        "name": "",
        "path": "",
        "id": "d41d8cd98f00b204e9800998ecf8427e",
        "groups": {},
        "checks": {}
    }
}